<?xml version="1.0" encoding="utf-8"?>
<odoo noupdate="1">
       <record id="default_barcode_configuration" model="barcode.configuration">
           <field name="label_width" eval="51" />
           <field name="label_height" eval="25" />
           <field name="margin_top" eval="1" />
           <field name="margin_bottom" eval="1" />
           <field name="margin_left" eval="1" />
           <field name="margin_right" eval="1" />
           <field name="dpi" eval="90" />
           <field name="header_spacing" eval="1" />
           <field name="display_width" eval="120" />
           <field name="display_height" eval="25" />
           <field name="barcode_type">EAN13</field>
           <field name="currency_position">before</field>
           <field name="humanreadable" eval="True" />
           <field name="product_name" eval="True" />
           <field name="lot" eval="False" />
           <field name="barcode" eval="True" />
           <field name="barcode_field">barcode</field>
           <field name="barcode_height" eval="1400" />
           <field name="barcode_width" eval="1400" />
       </record>
</odoo>
